{
  "knn_2people": {
    "k": [1, 2, 3, 4, 5, 6, 7, 8, 9, 10, 11, 12, 13, 14, 15, 16, 17, 18, 19, 20, 21, 22, 23, 24, 25, 26, 27, 28, 29, 30, 31, 32, 33, 34, 35, 36, 37, 38, 39, 40, 41, 42, 43, 44, 45, 46, 47, 48, 49, 50],
    "accuracy": [0.7935222672064778, 0.7732793522267206, 0.7813765182186235, 0.7732793522267206, 0.7773279352226721, 0.7651821862348178, 0.7651821862348178, 0.7530364372469636, 0.7530364372469636, 0.7368421052631579, 0.7408906882591093, 0.7246963562753036, 0.7327935222672065, 0.7165991902834008, 0.728744939271255, 0.7044534412955465, 0.708502024291498, 0.7004048582995951, 0.7004048582995951, 0.7004048582995951, 0.7004048582995951, 0.6923076923076923, 0.6923076923076923, 0.6882591093117408, 0.7004048582995951, 0.7004048582995951, 0.7004048582995951, 0.7004048582995951, 0.7004048582995951, 0.7004048582995951, 0.7004048582995951, 0.7004048582995951, 0.7004048582995951, 0.6963562753036437, 0.7044534412955465, 0.6963562753036437, 0.7044534412955465, 0.6923076923076923, 0.6923076923076923, 0.6923076923076923, 0.6923076923076923, 0.6923076923076923, 0.6923076923076923, 0.6882591093117408, 0.6963562753036437, 0.6923076923076923, 0.6923076923076923, 0.6923076923076923, 0.6923076923076923, 0.6882591093117408]
  },
  "knn_3people": {
    "k": [1, 2, 3, 4, 5, 6, 7, 8, 9, 10, 11, 12, 13, 14, 15, 16, 17, 18, 19, 20, 21, 22, 23, 24, 25, 26, 27, 28, 29, 30, 31, 32, 33, 34, 35, 36, 37, 38, 39, 40, 41, 42, 43, 44, 45, 46, 47, 48, 49, 50],
    "accuracy": [0.8362831858407079, 0.831858407079646, 0.8473451327433629, 0.8362831858407079, 0.8451327433628318, 0.8362831858407079, 0.8473451327433629, 0.838495575221239, 0.8517699115044248, 0.8473451327433629, 0.8495575221238938, 0.8473451327433629, 0.8451327433628318, 0.8473451327433629, 0.8473451327433629, 0.8429203539823009, 0.8451327433628318, 0.838495575221239, 0.8451327433628318, 0.8407079646017699, 0.8451327433628318, 0.838495575221239, 0.8407079646017699, 0.8362831858407079, 0.8362831858407079, 0.831858407079646, 0.834070796460177, 0.827433628318584, 0.8296460176991151, 0.8230088495575221, 0.827433628318584, 0.8252212389380531, 0.8296460176991151, 0.8252212389380531, 0.8296460176991151, 0.827433628318584, 0.827433628318584, 0.827433628318584, 0.827433628318584, 0.8207964601769911, 0.8207964601769911, 0.8185840707964602, 0.8185840707964602, 0.8185840707964602, 0.8185840707964602, 0.8185840707964602, 0.8185840707964602, 0.8185840707964602, 0.8185840707964602, 0.8185840707964602]
  },
  "regresion_2people": 0.5546558704453441,
  "regresion_3people": 0.9026548672566371,
  "MLP_2people": 0,
  "MLP_3people": 0
}

